,Loss,iou_score,f1-score
0,0.00011575224198168144,0.9976000189781189,0.9987947344779968
